source_id,number,amount,category,state,processed_date,type,opened_at,short_description,ci
QPK-03664835,EXP00000000,6240,Assets,Processed,2023-07-18 12:03:00.000000000,,2023-07-17 12:03:00,Acquisition of new server hardware,IBM System x3550 M5
,EXP00000001,5947,Travel,Declined,,,2023-04-25 19:51:00,Travel equipment asset registration,Travel Kit 01
,EXP00000002,2253,Miscellaneous,Declined,,,2023-05-03 02:19:00,Miscellaneous asset configuration item,Firewall FortiGate 50E
,EXP00000003,2336,Miscellaneous,Processed,2023-04-22 07:45:28.895988932,,2023-04-11 04:45:00,Miscellaneous hardware asset creation,Desktop PC Dell Optiplex 3060
RKY-84503313,EXP00000004,6348,Assets,Declined,,,2023-08-01 11:06:00,Asset Registration for New Hardware,Dell Latitude Laptop 5500
UXB-33198763,EXP00000005,7136,Assets,Processed,2023-05-29 05:50:40.509387677,,2023-05-27 06:35:00,Acquisition of new Dell Laptop asset,Dell Latitude 5410
,EXP00000006,2842,Miscellaneous,Processed,2023-11-09 19:16:28.584779704,,2023-11-04 16:19:00,Miscellaneous Raspberry Pi 4 Model B 4GB,Raspberry Pi 4 Model B 4GB
DQE-80735288,EXP00000007,1963,Services,Processed,2023-06-02 21:01:12.268638419,,2023-05-24 17:27:00,Auto-generated service asset,Cloud Service AWS
GXV-79975414,EXP00000008,1559,Services,Processed,2024-03-04 06:23:30.651134677,,2024-02-27 13:14:00,Cost entry for new service asset,Premium Cloud Storage Service
,EXP00000009,3312,Travel,Processed,2024-02-02 09:45:00.000000000,,2024-02-01 09:45:00,Travel category asset creation,Business Travel Kit
OFQ-86114140,EXP00000010,3707,Assets,Declined,,,2023-03-11 03:11:00,Newly procured Asset for business unit,HP EliteBook 850 G5
EWD-11513501,EXP00000011,6322,Assets,Processed,2023-12-04 11:33:00.000000000,,2023-12-03 11:33:00,Asset registration for Dell Latitude Laptop,Dell Latitude 5501
RQV-97001044,EXP00000012,5209,Assets,Declined,,,2024-02-21 05:39:00,Asset registration for new office equipment,Dell Latitude 7490
ZRA-58891222,EXP00000013,4393,Assets,Processed,2024-04-15 01:09:00.000000000,,2024-04-14 01:09:00,Automatically generated expense line for acquisition of asset,Dell Precision 3540
,EXP00000014,1192,Miscellaneous,Processed,2023-12-20 10:06:18.914856216,,2023-12-11 14:04:00,Asset Entry for Generic Office Hardware,Miscellaneous USB Device
AHF-76707167,EXP00000015,5260,Assets,Submitted,,,2023-06-06 11:41:00,Automatically generated asset line for creation of hardware,Dell Latitude 5410
ZMT-77004632,EXP00000016,4750,Assets,Submitted,,,2023-11-29 02:00:00,Acquisition of new hardware assets,Dell Latitude 7410
MUJ-19469077,EXP00000017,3380,Assets,Processed,2023-09-08 03:01:53.769843145,,2023-09-03 23:26:00,Automatically generated entry for asset acquisition,HP Elitebook 840
,EXP00000018,3244,Travel,Processed,2023-06-08 11:36:07.487936685,,2023-05-21 02:19:00,Automatically generated expenditure for travel department's assets,Corporate Travel﻿﻿ Bus
SBT-39473553,EXP00000019,1916,Services,Processed,2024-02-11 12:25:04.464739780,,2024-01-28 08:02:00,Service asset registration,Cloud Service AWS
,EXP00000020,3972,Travel,Declined,,,2023-06-25 07:41:00,Automatically generated expense line for purchase of travel equipment,Samsonite Luggage Set
KYE-89926021,EXP00000021,5059,Assets,Processed,2023-11-30 07:21:00.000000000,,2023-11-29 07:21:00,Initiated procurement for IT asset,Dell Optiplex 3080 Mini-Tower
,EXP00000022,4845,Travel,Declined,,,2024-01-15 02:06:00,Automatically generated expense line for travel asset,Business Class Flight Ticket
XBV-40734040,EXP00000023,2120,Assets,Pending,,,2023-11-09 09:52:00,Automated registration of new company asset,Dell Latitude 7410
BWH-09649223,EXP00000024,1668,Services,Submitted,,,2023-07-22 16:03:00,Provision of Cloud Storage Service,Amazon Web Service S3
HAK-05517022,EXP00000025,3157,Assets,Processed,2023-03-11 01:04:00.000000000,,2023-03-10 01:04:00,Dell Latitude E5470 Laptop as New IT Asset,Dell Latitude E5470
NRK-26156082,EXP00000026,1448,Assets,Declined,,,2023-03-14 02:36:00,Implementation of new hardware asset,Dell Latitude E5470
,EXP00000027,795,Travel,Pending,,,2023-06-04 10:59:00,Automatically generated expense line for creation of travel accessory,Premium Leather Travel Case
,EXP00000028,7530,Travel,Processed,2024-03-24 09:38:55.275968732,,2024-03-12 17:14:00,Travel-related asset registration,Airline ticket service
IPW-05837814,EXP00000029,1054,Services,Processed,2024-03-31 08:55:13.802994798,,2024-03-22 00:02:00,Automatic service registration for virtual server asset,Virtual Server Host1
,EXP00000030,2357,Miscellaneous,Processed,2023-08-21 20:56:00.000000000,,2023-08-20 20:56:00,Update for tech miscellaneous asset,Wireless Mouse Model M310
ONF-57253596,EXP00000031,7932,Assets,Processed,2023-02-17 10:57:37.244279476,,2023-02-10 14:50:00,Automatically generated line for creation of IT Asset,Dell Latitude 7410
,EXP00000032,5871,Travel,Processed,2023-10-28 18:22:00.000000000,,2023-10-27 18:22:00,Travel usage booking asset,Booking.com API Service
MZQ-16123656,EXP00000033,2040,Assets,Submitted,,,2024-04-03 01:33:00,HP ProDesk 400 G5 Desktop Mini PC configuration item,HP ProDesk 400 G5
FHL-48223034,EXP00000034,4281,Assets,Declined,,,2023-06-28 10:52:00,Assets management hardware device,Cisco Router 4500
ABZ-52155690,EXP00000035,1193,Services,Submitted,,,2023-09-23 02:55:00,Service-related hardware investment,Cloud Server Unit
YIY-77794183,EXP00000036,5339,Assets,Processed,2023-06-20 01:13:00.000000000,,2023-06-19 01:13:00,Automatically generated asset for global hardware,Dell Latitude 7420
VOL-93328174,EXP00000037,1591,Assets,Processed,2023-10-20 03:32:00.000000000,,2023-10-19 03:32:00,Provision of new Dell OptiPlex 3080,Dell OptiPlex 3080 - Asset ID #3456
,EXP00000038,6989,Travel,Declined,,,2023-12-07 00:43:00,Travel equipment provision,Travel Bag Model 101
GEA-15886144,EXP00000039,1968,Services,Processed,2023-12-24 11:10:25.491431444,,2023-12-13 22:08:00,Automatically generated record for creation of Service assets,Azure Cloud Service
GOE-48410644,EXP00000040,4882,Assets,Processed,2023-08-20 08:43:08.406236330,,2023-08-09 09:34:00,Asset Allocation Entry: HP Spectre Laptop,HP Spectre x360
ALJ-78411900,EXP00000041,1560,Assets,Processed,2024-01-16 19:28:03.414723904,,2024-01-05 13:08:00,Procurement of new company laptops,Dell Latitude 7220
,EXP00000042,2512,Travel,Declined,,,2023-11-09 13:01:00,Automatically generated expense line for purchase of travel equipment,American Tourister Luggage Bag
,EXP00000043,7213,Travel,Declined,,,2023-08-20 10:17:00,Travel equipment asset creation,Standard Luggage Set
RDA-52237316,EXP00000044,3519,Assets,Submitted,,,2024-04-04 11:49:00,Dell laptop purchased for IT department,Dell Latitude 7490
OCQ-81979817,EXP00000045,5435,Assets,Processed,2023-05-02 11:15:53.629680154,,2023-04-22 15:02:00,Asset allocation for new employee,Dell Latitude 7490
HIR-54157434,EXP00000046,1005,Assets,Processed,2023-12-04 08:52:47.277921288,,2023-11-23 13:28:00,Dell Latitude 7490 Laptop added to Assets,Dell Latitude 7490
TYO-50766454,EXP00000047,851,Assets,Processed,2023-05-25 08:07:00.000000000,,2023-05-24 08:07:00,Asset creation for Dell Desktop Computer,Dell OptiPlex 9020
SIY-45953850,EXP00000048,4886,Assets,Processed,2023-06-19 09:55:00.000000000,,2023-06-18 09:55:00,Newly added hardware asset,Dell Latitude 7490
ZJE-30631156,EXP00000049,6452,Assets,Declined,,,2023-04-26 09:59:00,Automated data entry for new hardware asset,Dell Latitude 7400
QJZ-29986137,EXP00000050,1954,Services,Processed,2023-09-29 11:14:13.340433353,,2023-09-13 13:53:00,Automatically created service asset entry,Cloud Storage Service
,EXP00000051,3944,Travel,Processed,2023-06-17 13:00:36.831741213,,2023-06-06 16:26:00,Automatically generated expense line for purchase of travel assets,Business Travel Kit
,EXP00000052,3702,Miscellaneous,Processed,2024-01-16 04:51:39.361551343,,2024-01-14 07:34:00,Miscellaneous Hardware Asset,Raspberry Pi 4
,EXP00000053,3025,Miscellaneous,Processed,2023-06-06 10:47:53.759441330,,2023-05-24 12:36:00,Miscellaneous hardware asset added,Miscellaneous Item 202
UJK-53389430,EXP00000054,4957,Assets,Submitted,,,2024-02-28 20:38:00,Automated data entry for newly acquired asset,Dell Latitude 7420
HQL-13852219,EXP00000055,7860,Assets,Declined,,,2024-03-02 05:50:00,Automated input for hardware asset,Dell Latitude 7400
BEM-88389306,EXP00000056,1895,Services,Processed,2023-11-02 23:44:23.425505299,,2023-10-28 04:46:00,Installation of new software service asset,Microsoft Server 2012
JOI-90814762,EXP00000057,2723,Assets,Processed,2024-04-02 21:00:00.000000000,,2024-04-01 21:00:00,Newly provisioned asset for IT department,Dell OptiPlex 780
SAP-48193038,EXP00000058,5742,Assets,Processed,2024-04-03 09:59:23.172911677,,2024-03-23 12:47:00,Hardware asset addition - Dell Workstation XR400,Dell Workstation XR400
BMB-36027225,EXP00000059,4603,Assets,Processed,2024-02-27 13:53:04.002227751,,2024-02-17 07:37:00,Procurement of new conference room equipment,AV System Samsung 56
,EXP00000060,3281,Travel,Declined,,,2023-09-17 03:22:00,Travel equipment asset,Travel Laptop Dell XPS 13
,EXP00000061,2925,Travel,Declined,,,2023-11-27 07:53:00,Expense for travel category hardware,Portable GPS Navigator
QYS-03626534,EXP00000062,1845,Services,Submitted,,,2023-09-04 02:53:00,Automated service expense for data management,Online Cloud Storage Service
MAY-41538171,EXP00000063,5693,Assets,Processed,2024-01-30 02:40:00.936059566,,2024-01-21 16:09:00,Asset Registration for New Hardware,HP EliteBook 840 G6
TWM-50463712,EXP00000064,6340,Assets,Pending,,,2024-01-15 11:27:00,Asset - Dell Inspiron 15 laptop,Dell Inspiron 15-7580
,EXP00000065,852,Miscellaneous,Pending,,,2023-10-07 19:30:00,Automatically generated asset record for Miscellaneous category,Amazon Echo Dot
LJJ-72725852,EXP00000066,6338,Assets,Processed,2023-05-10 18:59:23.796231746,,2023-05-02 23:07:00,Hardware asset registration for company laptop,Dell Latitude E7470
XPQ-67332584,EXP00000067,7365,Assets,Processed,2024-05-05 22:50:34.277322632,,2024-04-17 04:21:00,Initialization of IT infrastructure asset,Dell Optiplex 7080
,EXP00000068,3288,Miscellaneous,Declined,,,2023-09-15 07:08:00,Miscellaneous hardware asset added,Miscellaneous Device
HDH-77555299,EXP00000069,2545,Assets,Declined,,,2023-04-13 05:32:00,Asset addition according to the recent inventory,Dell Latitude E5470
GUO-44764461,EXP00000070,1753,Services,Submitted,,,2023-11-08 11:10:00,Configuration item for Services Asset,Cloud Server S1
,EXP00000071,6318,Travel,Processed,2024-01-27 02:05:21.148401024,,2024-01-13 20:25:00,Travel Equipment Asset Generated,Trek Carbon Fiber Road Bike
,EXP00000072,6480,Travel,Submitted,,,2023-10-02 11:06:00,Expense for travel kit hardware asset,Travel essentials kit 05
ZPE-07304518,EXP00000073,4014,Assets,Processed,2023-07-03 19:48:58.283999991,,2023-06-30 19:56:00,Automated asset creation for office equipment,Dell Optiplex 7070
,EXP00000074,509,Miscellaneous,Processed,2023-07-29 14:00:36.106580662,,2023-07-23 23:45:00,Manually added asset of category Miscellaneous,SteelSeries Keyboard
,EXP00000075,5347,Travel,Declined,,,2023-02-18 13:31:00,Travel expense incurred for conveyance asset,Car Rental Service
,EXP00000076,2862,Travel,Declined,,,2023-07-22 07:29:00,Travel equipment asset for field work,Garmin GPS Navigator
IXD-87162238,EXP00000077,5539,Assets,Processed,2023-05-03 22:37:31.079367605,,2023-04-18 22:05:00,Provision of new HP Pavilion 15 asset,HP Pavilion 15
,EXP00000078,2821,Miscellaneous,Processed,2023-03-25 03:25:09.046973893,,2023-03-15 00:24:00,Miscellaneous hardware asset added,Dell Optiplex 780
,EXP00000079,5742,Travel,Pending,,,2023-10-26 02:44:00,Automatically generated expense for travel assets,Travel bus model X450
,EXP00000080,3730,Miscellaneous,Processed,2023-07-02 00:10:37.307151237,,2023-06-29 15:08:00,Miscellaneous hardware category related asset,Computer Accessories
UTB-86787704,EXP00000081,6028,Assets,Declined,,,2023-08-31 16:23:00,Automatically generated asset for addition in database,Dell Latitude E7450
IIQ-45601699,EXP00000082,4367,Assets,Processed,2024-02-05 05:56:39.533988061,,2024-01-31 15:15:00,Automatically updated hardware asset entry,Dell Optiplex 780
YVS-43837457,EXP00000083,5835,Assets,Processed,2023-08-22 22:42:17.917560467,,2023-08-19 01:19:00,ServiceNow Asset Registration - Dell Desktop PC,Dell OptiPlex 7480
,EXP00000084,2767,Travel,Submitted,,,2024-03-26 06:23:00,Travel gear item purchased for business trips,Tumi Alpha 3
TWN-69635741,EXP00000085,5893,Assets,Processed,2023-09-08 02:18:40.027559122,,2023-08-31 01:50:00,Purchase of new IT asset for office,Dell Laptop Latitude 7490
KEI-64735588,EXP00000086,7428,Assets,Processed,2023-10-15 14:29:56.773688318,,2023-10-08 08:50:00,Asset Registration for Hardware Component,Dell Optiplex 7090 Desktop PC
MJQ-14784021,EXP00000087,4107,Assets,Processed,2023-03-18 02:59:15.123505561,,2023-03-15 15:50:00,Automatically generated inventory line for adding new asset,Dell Latitude 7390
,EXP00000088,1681,Travel,Declined,,,2023-07-04 23:35:00,Travel-related hardware,Garmin GPS Navigator
WUJ-53502794,EXP00000089,7815,Assets,Processed,2024-03-23 22:39:00.000000000,,2024-03-22 22:39:00,Generated ServiceNow asset for tracking purposes,Dell Precision 5530
LFH-44941857,EXP00000090,6820,Assets,Declined,,,2023-06-21 23:16:00,Auto-generated asset line for Lenovo ThinkPad,Lenovo ThinkPad X1 Carbon
YOP-17698919,EXP00000091,1460,Services,Submitted,,,2023-12-16 09:44:00,Service hardware asset registered,Cloud Storage Service
,EXP00000092,2855,Travel,Processed,2023-09-02 01:31:16.404345855,,2023-08-24 03:34:00,Travel Expense for Software Upgrade,Travel Equipment Upgrade Assets
JBC-17159862,EXP00000093,1477,Assets,Processed,2023-08-09 18:39:43.071227868,,2023-07-29 13:29:00,Lenovo ThinkPad T590 Laptop Asset,Lenovo ThinkPad T590
DIF-39770003,EXP00000094,5844,Assets,Processed,2024-01-30 04:54:00.000000000,,2024-01-29 04:54:00,Automated creation of asset line item,Dell Precision 5540
,EXP00000095,4983,Miscellaneous,Declined,,,2023-10-30 18:18:00,Acknowledgement of Miscellaneous Asset Creation,Miscellaneous Configuration Item 123
IGF-28607375,EXP00000096,1265,Services,Processed,2023-12-24 07:43:00.000000000,,2023-12-23 07:43:00,Procurement of new cloud service,Office365 Subscription
,EXP00000097,7127,Travel,Processed,2023-04-08 08:17:03.114813563,,2023-04-04 03:07:00,Travel equipment asset generation,Travel Luggage Trolley
VOM-00711899,EXP00000098,2148,Assets,Processed,2023-05-15 19:13:00.000000000,,2023-05-14 19:13:00,Newly added asset in inventory,Dell Optiplex 3070
,EXP00000099,5604,Travel,Processed,2023-09-20 03:55:03.784172450,,2023-09-15 00:04:00,Travel related hardware asset,Dell Latitude 7400 14
ZIK-72359520,EXP00000100,7878,Assets,Processed,2024-02-23 21:35:14.534236105,,2024-02-18 11:05:00,Asset registration for new hardware,Dell Precision 7550
KCD-79341157,EXP00000101,1624,Services,Submitted,,,2024-04-03 09:43:00,Service-related hardware asset,Web Server Dell PowerEdge
SFT-82022503,EXP00000102,6043,Assets,Pending,,,2023-09-02 19:35:00,Automatically registered asset upon acquisition,Dell Latitude 7490
KPB-87577632,EXP00000103,1084,Services,Processed,2024-03-19 20:24:43.187548946,,2024-03-06 04:34:00,Automated service entry for voice server,Cisco Voice Server SE23100
JVF-44191594,EXP00000104,2491,Assets,Declined,,,2023-09-30 14:48:00,Automatically generated asset entry for new hardware,Dell Precision Server T3600
RHK-62777771,EXP00000105,6231,Assets,Processed,2023-09-19 00:04:00.000000000,,2023-09-18 00:04:00,Asset creation for Dell Inspiron 15,Dell Inspiron 15
HAN-07416569,EXP00000106,7190,Assets,Submitted,,,2023-07-19 02:11:00,Acquisition of Dell Optiplex 7090,Dell Optiplex 7090
,EXP00000107,6269,Travel,Declined,,,2023-06-13 04:01:00,Automatically generated expense line for creation of travel equipment,Samsonite Luggage 29
,EXP00000108,6982,Travel,Processed,2023-03-20 13:01:00.000000000,,2023-03-19 13:01:00,Expense incurred during corporate travel,Corporate travel booking system
OWL-38945457,EXP00000109,4422,Assets,Declined,,,2023-12-11 23:27:00,Automatically created asset entry,Dell Latitude 7400 Series
,EXP00000110,7609,Travel,Declined,,,2023-04-19 05:14:00,Automatically generated expense line for creation of travel asset,Business Travel Case
ITY-35945596,EXP00000111,2926,Assets,Processed,2023-10-27 11:18:41.341105726,,2023-10-25 09:56:00,HP LaserJet 400 Asset Added,HP LaserJet 400 MFP M425dw
,EXP00000112,6654,Travel,Processed,2023-05-23 21:08:00.000000000,,2023-05-22 21:08:00,Travel related IT asset procurement,Dell Latitude 7400 Travel Laptop
VBW-84895032,EXP00000113,1123,Assets,Submitted,,,2024-03-24 11:58:00,Allocated hardware asset for new hire,Lenovo ThinkPad X1
OTV-96188107,EXP00000114,1297,Services,Processed,2024-01-15 11:06:45.100464158,,2024-01-10 13:44:00,ServiceNow IT Service Management Asset,Cloud Service 365
RDF-70151939,EXP00000115,5602,Assets,Submitted,,,2024-02-27 01:49:00,Apple MacBook Air Asset Allocation,MacBook Air 13
EYK-40754698,EXP00000116,1345,Assets,Pending,,,2023-03-30 15:09:00,ICT hardware asset for office usage,Dell Latitude 7490
MNF-80002560,EXP00000117,5059,Assets,Submitted,,,2024-02-12 05:17:00,Automated data for hardware asset acquisition,Dell Inspiron 15
,EXP00000118,4673,Travel,Processed,2023-10-19 07:14:42.895536373,,2023-10-10 15:50:00,Travel related asset generation,Corporate Travel Kit
WVO-55961129,EXP00000119,3729,Assets,Pending,,,2024-03-28 15:47:00,Automatically generated record for hardware asset registration,Dell Optiplex 5070 Desktop
IKC-96860503,EXP00000120,3762,Assets,Processed,2023-09-10 11:35:00.000000000,,2023-09-09 11:35:00,Asset Registration: Dell Inspiron 15,Dell Inspiron 15 7570
YHC-80094772,EXP00000121,541,Assets,Processed,2023-03-20 09:55:48.626795546,,2023-03-08 20:15:00,Automated asset management for company workstations,Dell Optiplex 3080
LZF-08918147,EXP00000122,1809,Assets,Processed,2023-11-03 00:16:48.483981409,,2023-10-26 23:46:00,Creation of new Dell workstation asset,Dell Optiplex 7010
NME-05827797,EXP00000123,1848,Assets,Processed,2023-08-17 16:14:14.097582769,,2023-07-28 22:46:00,Asset - HP Pavilion Desktop,HP Pavilion 590-p0020
,EXP00000124,3596,Miscellaneous,Processed,2023-10-20 22:57:00.399551304,,2023-10-10 16:51:00,Miscellaneous hardware asset,Dell Optiplex 3060
,EXP00000125,3389,Travel,Declined,,,2024-04-15 18:18:00,Travel related asset allocation,Premium Economy Flight Ticket
YAB-78934823,EXP00000126,7633,Assets,Declined,,,2023-03-29 21:06:00,ServiceNow hardware asset management,Dell Optiplex 7070
LCX-70018028,EXP00000127,6081,Assets,Processed,2023-03-06 15:24:00.000000000,,2023-03-05 15:24:00,Newly procured hardware assets,Dell Optiplex 3090 Desktop
UWR-62518395,EXP00000128,4275,Assets,Pending,,,2023-07-07 12:12:00,ServiceNow hardware asset - Dell OptiPlex 9020,Dell OptiPlex 9020
NXH-39891854,EXP00000129,2742,Assets,Submitted,,,2023-05-19 17:18:00,Acquisition of new office server,Dell PowerEdge R940xa Server
EYO-72515769,EXP00000130,3306,Assets,Processed,2023-11-14 15:01:13.010805758,,2023-11-08 17:36:00,New hardware asset registered: Dell XPS 17,Dell XPS 17
YPR-19959560,EXP00000131,1748,Services,Pending,,,2024-04-22 18:07:00,Provision of IT Consulting Services,IT Consultation Services
HTH-90232852,EXP00000132,7176,Assets,Processed,2023-07-12 07:05:26.763476166,,2023-07-09 22:42:00,Acquisition of new office laptop,Dell Latitude E7470
,EXP00000133,1324,Miscellaneous,Declined,,,2024-02-06 22:20:00,Automatically generated expense line for creation of miscellaneous asset,Gaming Mouse Logitech G502
SQE-36567107,EXP00000134,677,Services,Processed,2023-09-04 23:30:22.243618113,,2023-08-26 01:10:00,Automatically generated asset for creation of service,Cloud Service Provider
,EXP00000135,2060,Miscellaneous,Processed,2023-08-08 15:41:45.547742248,,2023-07-26 18:56:00,Standard Miscellaneous Hardware Asset,VGA to USB Adapter
FQH-36655644,EXP00000136,3405,Assets,Processed,2023-04-14 02:46:00.000000000,,2023-04-13 02:46:00,Newly added asset in IT inventory,Dell WorkStation P500
,EXP00000137,1532,Miscellaneous,Declined,,,2023-06-03 12:35:00,Creation log for miscellaneous hardware asset,Wireless Keyboard Model 3000
XIB-25776493,EXP00000138,7253,Assets,Declined,,,2023-11-08 04:52:00,IT asset management for company laptop,Dell Latitude 7410
WNH-95454816,EXP00000139,4454,Assets,Processed,2024-02-17 13:36:00.000000000,,2024-02-16 13:36:00,Automatically generated asset for IT department,Dell Latitude E5580
GWP-59404171,EXP00000140,1283,Services,Processed,2023-11-06 04:52:34.553052586,,2023-10-28 06:25:00,Newly configured service asset,Cloud Service Provider
SCO-01622761,EXP00000141,246,Services,Processed,2023-05-25 05:22:00.000000000,,2023-05-24 05:22:00,Automated ServiceNow asset for configuration services,Dell PowerEdge R640 Server
,EXP00000142,4509,Miscellaneous,Declined,,,2024-03-28 06:54:00,Automatically generated asset for Miscellaneous equipment,Dell S2721DGF Gaming Monitor
PRJ-99666619,EXP00000143,2474,Assets,Declined,,,2024-01-09 02:46:00,Annual depreciation of Dell Latitude E5470,Dell Latitude E5470
,EXP00000144,3372,Miscellaneous,Pending,,,2024-03-28 05:07:00,Miscellaneous Hardware Asset Allocation,Miscellaneous Asset - XYZ123
,EXP00000145,7357,Travel,Declined,,,2023-03-17 16:09:00,Travel related hardware asset,Travel Adapter Kit
ANY-93624267,EXP00000146,7529,Assets,Processed,2024-04-23 04:32:09.317024450,,2024-04-20 00:18:00,Database server hardware asset,Oracle Database Server X7-2
GVS-69189771,EXP00000147,5148,Assets,Pending,,,2023-04-04 15:07:00,Newly under Asset Management - Dell Optiplex 3090,Dell Optiplex 3090
NVS-71972862,EXP00000148,7948,Assets,Declined,,,2023-07-29 19:26:00,Replacement of faulty hardware asset,Dell Optiplex 780
QMW-71384068,EXP00000149,3266,Assets,Declined,,,2023-12-10 00:41:00,Addition of new IT hardware asset,HP EliteBook 840 G3
,EXP00000150,2242,Miscellaneous,Declined,,,2024-03-26 22:03:00,Maintenance service for various hardware equipment,Miscellaneous Hardware Asset 123
,EXP00000151,6089,Travel,Pending,,,2024-02-16 15:38:00,Airline tickets and accommodation for business travel,Business Trip Expenses
OTZ-33598141,EXP00000152,2966,Assets,Declined,,,2023-12-23 07:27:00,HP Pavilion Desktop newly added to the asset list,HP Pavilion 590-p0020
XQL-19878591,EXP00000153,5119,Assets,Processed,2023-09-02 07:27:06.797494129,,2023-08-19 14:14:00,Automatically generated entry for new asset,Dell Latitude 7490
PUU-17999508,EXP00000154,6258,Assets,Processed,2023-05-04 04:56:08.883328135,,2023-04-22 00:49:00,Automatically generated asset line for Dell Inspiron Desktop,Dell Inspiron 7890 Desktop
,EXP00000155,2811,Travel,Processed,2023-08-24 08:43:00.000000000,,2023-08-23 08:43:00,Travel kit including laptop and accessories,Dell Latitude 3520
,EXP00000156,7722,Travel,Processed,2024-01-16 01:27:01.539691933,,2024-01-08 03:07:00,Travel category hardware,Traveler's Laptop
,EXP00000157,4804,Travel,Processed,2024-04-01 16:34:41.845644052,,2024-03-20 21:23:00,Travel equipment asset creation,Travel Briefcase 001
,EXP00000158,857,Miscellaneous,Processed,2023-10-18 02:58:29.009388958,,2023-10-06 23:44:00,Automatically generated asset registration for Miscellaneous item,Stationery Kit A1
GHN-21043707,EXP00000159,6870,Assets,Pending,,,2024-03-02 13:54:00,New purchase - Dell Precision 3420,Dell Precision 3420
DGW-02838911,EXP00000160,4095,Assets,Processed,2023-02-10 06:37:43.345712683,,2023-02-02 12:24:00,Newly procured office asset,Dell Optiplex 780 Desktop
CLI-10666395,EXP00000161,1552,Assets,Processed,2023-07-31 22:18:30.416428699,,2023-07-23 06:09:00,Automated asset registry for new hardware,Dell Inspiron 7490
HVX-91710262,EXP00000162,1675,Assets,Processed,2023-03-22 01:58:42.079411466,,2023-03-13 13:40:00,Automatically generated entry for creation of asset,Dell Latitude 3500
LOV-78401003,EXP00000163,5715,Assets,Processed,2023-03-22 18:59:22.314323836,,2023-03-12 04:10:00,New asset addition: High-performance Workstation,Dell Precision T3600 Workstation
,EXP00000164,4246,Travel,Submitted,,,2023-10-24 11:52:00,Travel-related hardware asset,Dell Latitude 14 Travel Laptop
FAE-49651282,EXP00000165,6425,Assets,Processed,2023-04-26 23:30:16.168519091,,2023-04-19 18:16:00,Purchased new office desktop,Dell Optiplex 3080
,EXP00000166,6448,Travel,Processed,2024-03-18 15:09:12.132788744,,2024-03-05 02:04:00,Automatically generated expense line for creation of travel equipment,Travel suitcase
,EXP00000167,205,Miscellaneous,Processed,2024-03-19 00:35:28.337951583,,2024-03-17 08:51:00,Generated asset entry for Miscellaneous item,Misc Desktop PC 123
MFB-04409454,EXP00000168,5809,Assets,Processed,2023-08-14 00:42:32.988106662,,2023-07-27 10:27:00,Processing unit Lenovo ThinkPad X1,Lenovo_ThinkPad_X1_id12345
TEH-62497676,EXP00000169,5236,Assets,Pending,,,2023-05-17 13:06:00,Automatically logged hardware asset entry,Dell Latitude E6440
AOQ-15256031,EXP00000170,1013,Services,Processed,2023-08-29 13:26:00.000000000,,2023-08-28 13:26:00,Automatically generated expense line for creation of Service Server,Windows Server 2019
BTE-22458897,EXP00000171,6869,Assets,Processed,2024-01-09 12:04:20.448614237,,2024-01-02 15:11:00,Asset register entry for new server hardware,Dell PowerEdge R740
,EXP00000172,6832,Travel,Declined,,,2023-12-22 05:32:00,Travel category asset registration,VIP Travel Kit
SQD-40300537,EXP00000173,7440,Assets,Declined,,,2023-08-11 11:28:00,Asset registration for new hardware,Dell Latitude 7490
FWF-07491039,EXP00000174,7335,Assets,Submitted,,,2024-02-18 14:56:00,Provision of new hardware asset,Dell Optiplex 780 Desktop
IAE-50216633,EXP00000175,1704,Assets,Pending,,,2023-08-27 17:09:00,Procurement of new hardware asset,HP EliteBook 840 G6
XHK-85710881,EXP00000176,1055,Services,Declined,,,2024-01-09 01:14:00,Automated service record for asset creation,Cloud Networking Service
,EXP00000177,2247,Miscellaneous,Declined,,,2023-07-31 11:53:00,Miscellaneous hardware asset addition,Desktop PC i7
,EXP00000178,645,Travel,Processed,2024-01-27 03:46:38.926068721,,2024-01-14 19:39:00,Travel-related asset registration,International travel adapter
,EXP00000179,1933,Travel,Pending,,,2023-05-24 13:10:00,Automatically generated expense line for creation of travel equipment,Luggage Trolley
WRQ-38703807,EXP00000180,740,Services,Pending,,,2023-08-24 00:06:00,Automatically generated expense line for creation of Service asset,Cloud Based Data Services
,EXP00000181,1851,Miscellaneous,Declined,,,2024-02-15 03:01:00,Generated asset for Miscellaneous category,MacBook Air 13
MBI-87095217,EXP00000182,6443,Assets,Declined,,,2023-04-17 16:13:00,Automated entry for new hardware asset,Dell Latitude 7490
,EXP00000183,3499,Miscellaneous,Declined,,,2024-02-12 07:29:00,Miscellaneous hardware asset added to inventory,Cisco Router Model 1000
DQC-34081327,EXP00000184,1535,Assets,Declined,,,2023-02-03 10:16:00,Asset creation for new hardware,Dell Latitude 7410
IDE-02973272,EXP00000185,4628,Assets,Declined,,,2023-11-21 09:02:00,Automated entry for new hardware asset,Dell OptiPlex 7460 All In One
,EXP00000186,540,Miscellaneous,Processed,2024-01-11 06:46:00.000000000,,2024-01-10 06:46:00,Automatically created entry for Miscellaneous hardware asset,Dell OptiPlex 790
BHW-05686803,EXP00000187,1335,Assets,Processed,2023-04-13 12:43:09.920892763,,2023-04-09 17:25:00,Generated asset for office equipment,Dell OptiPlex 7080 Desktop
KEC-88373224,EXP00000188,4443,Assets,Processed,2023-04-11 23:41:36.691653184,,2023-03-27 01:00:00,Company-issued hardware asset,Dell Latitude E5470
,EXP00000189,5712,Travel,Processed,2023-10-19 08:51:00.000000000,,2023-10-18 08:51:00,Automatically generated expense line for creation of travel asset,Travel Equipment 20
,EXP00000190,3680,Travel,Processed,2024-03-20 20:11:00.000000000,,2024-03-19 20:11:00,Travel equipment asset,Travel Kit Pro
YOA-45855028,EXP00000191,7027,Assets,Processed,2023-07-21 19:15:43.817323356,,2023-07-18 05:48:00,Asset creation for server equipment,Dell PowerEdge Server
ITR-70457825,EXP00000192,7059,Assets,Processed,2023-12-15 14:47:00.000000000,,2023-12-14 14:47:00,Asset registration for new hardware,Dell Latitude 7400
YXI-32101783,EXP00000193,3843,Assets,Submitted,,,2024-01-28 20:07:00,Generated asset entry for new office hardware,Dell Optiplex 7080 Desktop
,EXP00000194,5865,Travel,Processed,2024-05-06 21:14:52.219157052,,2024-04-19 21:25:00,Travel equipment asset creation,Business Class Flight Ticket
QQI-34376183,EXP00000195,2237,Assets,Submitted,,,2023-07-01 13:18:00,Asset generated for new hardware equipment,Dell Latitude 5510
EJU-15414343,EXP00000196,5341,Assets,Declined,,,2023-07-29 07:31:00,Newly purchased asset added to inventory,Dell Latitude 7490
IOF-30191137,EXP00000197,201,Services,Declined,,,2023-12-21 03:48:00,Automatically generated expense line for creation of Service hardware,Service Equipment-12A
LQD-26308461,EXP00000198,5631,Assets,Processed,2024-05-17 08:03:35.630078534,,2024-04-25 23:15:00,Procured new hardware asset,Dell OptiPlex 7080 Desktop
,EXP00000199,623,Miscellaneous,Processed,2023-04-04 13:24:27.004725827,,2023-04-03 01:03:00,Accounting for acquisition of miscellaneous hardware item,GPS device Garmin 441S
,EXP00000200,6683,Travel,Declined,,,2023-08-18 03:53:00,Auto-generated asset for business travel,Dell Latitude 7490
,EXP00000201,7135,Travel,Processed,2023-10-17 03:30:24.548798936,,2023-10-03 07:03:00,Travel expense incurred for purchasing new hardware,Samsonite Laptop Briefcase
MMY-14460765,EXP00000202,1390,Assets,Processed,2023-08-24 14:12:43.919788899,,2023-08-22 18:07:00,Purchase of new IT hardware,Dell Latitude 5411
,EXP00000203,7490,Travel,Declined,,,2024-01-31 15:04:00,Automatically generated travel equipment asset,Travel Briefcase
IAP-03611307,EXP00000204,1018,Services,Pending,,,2023-10-10 08:30:00,Automatically generated service asset ,Amazon Web Services
LHD-42389542,EXP00000205,7578,Assets,Processed,2024-03-17 21:18:24.724749388,,2024-03-05 19:48:00,New registration of Dell Latitude 7490,Dell Latitude 7490 Asset
,EXP00000206,2795,Miscellaneous,Processed,2023-03-12 22:15:00.000000000,,2023-03-11 22:15:00,Miscellaneous asset addition to the inventory,DesignJet T520
MKZ-27753506,EXP00000207,1866,Services,Processed,2023-02-17 10:33:48.997355424,,2023-02-12 09:32:00,Automatically generated expense line for creation of Services asset,Cloud Infrastructure
DWS-52086417,EXP00000208,4849,Assets,Processed,2023-10-17 21:32:02.492379916,,2023-10-08 14:54:00,Monitor Dell 24 inches - Office Asset,Dell OptiPlex 3060
WWB-20125792,EXP00000209,5671,Assets,Declined,,,2023-07-27 18:29:00,Automatically generated asset creation for hardware item,Dell Latitude 7410
KHY-47199393,EXP00000210,6057,Assets,Processed,2023-06-14 20:51:17.390122242,,2023-06-13 02:11:00,Acquisition of new workstation hardware,Dell Precision 3541
,EXP00000211,1515,Miscellaneous,Processed,2024-01-01 23:39:41.727142247,,2023-12-25 09:48:00,Automatically generated Miscellaneous asset line,Generator 5000
CIB-89681719,EXP00000212,771,Assets,Processed,2023-09-04 14:07:01.538775860,,2023-08-24 19:52:00,Asset Registration for Dell Precision T3620,Dell Precision T3620
QAT-10599614,EXP00000213,831,Services,Processed,2023-05-03 13:39:00.000000000,,2023-05-02 13:39:00,New IT services asset registered,Azure Cloud Service
OLQ-48924230,EXP00000214,4553,Assets,Processed,2024-04-06 09:33:44.638152024,,2024-03-31 13:20:00,Asset registration for new server,Dell PowerEdge R740
OTX-63218852,EXP00000215,5326,Assets,Processed,2023-06-13 16:22:48.753474785,,2023-06-07 06:16:00,Dell Precision Workstation T1650 Renewal,Dell Precision Workstation T1650
JAP-04544895,EXP00000216,6326,Assets,Declined,,,2023-09-25 05:10:00,Dell Optiplex 3070 - Desktop Computer,Asset #C12345
,EXP00000217,5985,Travel,Processed,2023-11-30 02:42:00.000000000,,2023-11-29 02:42:00,Automatically generated expense for creation of travel equipment asset,Travel Suitcase Model-X
FDY-52895979,EXP00000218,1915,Services,Processed,2023-11-25 10:38:39.827411384,,2023-11-23 01:28:00,Automatically generated service asset,Microsoft Office 365 Subscription
XNT-21671939,EXP00000219,5097,Assets,Declined,,,2023-02-07 17:50:00,Automated registering of new hardware asset,Dell Latitude 3410
EKU-37799916,EXP00000220,7608,Assets,Processed,2023-05-11 02:19:35.923880657,,2023-04-30 07:31:00,Asset registration for new hardware equipment,Dell XPS 13
SFD-35845143,EXP00000221,1272,Assets,Processed,2023-07-14 14:30:29.777375259,,2023-07-05 03:56:00,Automated record for new asset,Dell Inspiron 15
CTA-79869539,EXP00000222,756,Services,Processed,2023-07-15 10:30:30.778685042,,2023-07-04 22:49:00,Automatically generated expense line for creation of Services asset,Microsoft Azure Service
IIM-19433429,EXP00000223,181,Services,Declined,,,2023-04-28 08:37:00,Creation of Services related asset,Oracle Database Service
NWY-34171525,EXP00000224,5529,Assets,Pending,,,2023-12-07 01:54:00,Automated entry for new hardware asset acquisition,Dell XPS 17
,EXP00000225,3913,Miscellaneous,Submitted,,,2023-06-10 16:30:00,Automatically generated expense line for creation of Miscellaneous asset,Miscellaneous Device
EAP-01293546,EXP00000226,2067,Assets,Processed,2024-02-25 08:14:01.095248567,,2024-02-17 17:28:00,Automated data for asset creation,Dell Latitude 7280
,EXP00000227,4281,Travel,Processed,2023-12-11 10:05:24.096799625,,2023-12-04 18:09:00,Travel related asset registration,Laptop Dell Latitude 7400
QTM-89456074,EXP00000228,1754,Services,Declined,,,2023-07-27 12:32:00,Asset creation for Web Hosting Services,Web Services Node 221
,EXP00000229,5666,Travel,Processed,2023-11-07 05:16:07.153627870,,2023-10-25 20:22:00,Travel related hardware asset,Lenovo ThinkPad X1
,EXP00000230,6231,Travel,Processed,2023-09-09 17:00:30.276258716,,2023-09-02 07:37:00,Automatically generated travel asset,Business Class Airline Ticket
AGK-61214990,EXP00000231,3339,Assets,Processed,2023-08-09 06:45:37.363922464,,2023-08-07 14:01:00,Newly added asset to inventory,Lenovo ThinkPad E14
WOB-51320923,EXP00000232,5631,Assets,Processed,2023-10-31 16:21:00.000000000,,2023-10-30 16:21:00,IT Asset: Dell Workstation,Dell OptiPlex 5080 Micro
,EXP00000233,567,Miscellaneous,Submitted,,,2023-09-18 17:03:00,Automatically generated line for miscellaneous hardware asset,Cisco 350 Series Managed Switch
LEQ-14655313,EXP00000234,7209,Assets,Processed,2023-05-01 04:19:59.301510519,,2023-04-30 02:08:00,Lenovo ThinkPad T480s - Added as new asset,ThinkPad T480s
JIR-41658676,EXP00000235,5867,Assets,Processed,2023-10-09 11:40:47.572002251,,2023-09-25 08:35:00,Automatically generated line for addition of new hardware asset,Dell Latitude 9410 Laptop
OQI-02894339,EXP00000236,1343,Services,Processed,2024-03-31 08:19:00.000000000,,2024-03-30 08:19:00,Provisioning Service for New Asset,Cloud Service Asset
,EXP00000237,4140,Travel,Declined,,,2023-05-02 12:15:00,Travel asset - corporate car,Ford Mondeo Fleet Car
FMW-43934645,EXP00000238,471,Services,Processed,2023-07-10 18:01:51.397166910,,2023-06-22 05:20:00,Automatically generated expense line for creation of Service,Cloud Computing Service
,EXP00000239,2566,Miscellaneous,Processed,2023-02-10 21:32:01.091657666,,2023-02-08 07:38:00,Miscellaneous asset for operational use,Miscellaneous Hardware Asset 456
,EXP00000240,1211,Miscellaneous,Processed,2023-04-16 10:31:00.000000000,,2023-04-15 10:31:00,Miscellaneous hardware asset,Dell Optiplex 780
UBM-10425734,EXP00000241,7282,Assets,Processed,2024-01-14 13:02:26.698973104,,2023-12-23 16:53:00,Assets management for office equipment,Dell Latitude 7480 Laptop
STN-65903732,EXP00000242,350,Services,Processed,2023-06-16 23:51:09.652319829,,2023-06-14 06:27:00,Implementation of new cloud service,Amazon Web Services
,EXP00000243,1151,Travel,Processed,2024-03-27 11:03:01.048500025,,2024-03-18 02:29:00,Travel hardware asset configuration,Portable Travel Laptop HP Elitebook
,EXP00000244,3805,Travel,Declined,,,2023-03-18 03:37:00,Travel related expense for new laptop purchase,Lenovo ThinkPad X1 Carbon
BQS-46071858,EXP00000245,483,Services,Submitted,,,2023-06-01 19:39:00,Server provision for new Service,Virtual Private Server 2
JTU-56908061,EXP00000246,909,Assets,Processed,2023-07-16 13:46:15.171057504,,2023-07-01 07:08:00,Automatically generated line for Dell OptiPlex Desktop,Dell OptiPlex 7080
,EXP00000247,3509,Miscellaneous,Declined,,,2024-03-22 01:42:00,Hardware asset registered under Miscellaneous category,Dell Inspiron 3593 laptop
,EXP00000248,1031,Miscellaneous,Declined,,,2023-04-12 06:54:00,Miscellaneous equipment item added to assets,Bluetooth Headset 202
XDH-36123133,EXP00000249,2023,Assets,Processed,2024-01-20 19:21:40.035400438,,2024-01-09 20:50:00,Automated entry for asset acquisition,Dell Latitude 14
FCV-28394838,EXP00000250,5696,Assets,Processed,2023-05-03 22:46:11.770491213,,2023-04-23 18:08:00,Allocation of new hardware asset,Dell OptiPlex 7070
OAR-19120323,EXP00000251,6604,Assets,Processed,2023-12-20 16:22:07.791014987,,2023-12-09 00:13:00,Automatically generated configuration line for creation of asset,Dell Latitude 7490
GJD-05415765,EXP00000252,1308,Services,Processed,2023-11-30 19:37:27.125966687,,2023-11-25 06:31:00,Generated hardware item for tech service,Cisco Router 2600
HLR-14022035,EXP00000253,4814,Assets,Declined,,,2023-05-07 05:06:00,Company acquired new asset,HP EliteBook 840 G6
SYB-32771221,EXP00000254,1478,Assets,Declined,,,2024-02-13 13:48:00,Automatically issued hardware asset for employee,Dell Latitude 7410
HTA-16742754,EXP00000255,4215,Assets,Processed,2023-04-07 16:28:30.269589118,,2023-04-03 08:09:00,Provision of new IT Asset,Dell Latitude 5420
GCD-58282842,EXP00000256,4610,Assets,Declined,,,2024-04-01 10:16:00,Automatically generated hardware asset entry,Dell Latitude 7450
,EXP00000257,7197,Travel,Submitted,,,2023-05-07 09:22:00,Automatically generated expense line for creation of travel equipment,Samsonite Omni PC Hardside Spinner 28
TRT-15321460,EXP00000258,685,Assets,Processed,2023-05-06 11:42:00.000000000,,2023-05-05 11:42:00,Automatically generated asset for IT department,Cisco Catalyst 9000 Series Switches
,EXP00000259,3955,Miscellaneous,Processed,2023-09-18 02:36:16.353815547,,2023-09-10 12:45:00,Automated entry for new hardware asset,Miscellaneous Asset 657
UWN-52406197,EXP00000260,3319,Assets,Declined,,,2023-10-18 04:40:00,Automatically generated line for addition of new hardware asset,Dell Inspiron 15
XTS-20372935,EXP00000261,1505,Services,Processed,2023-11-09 10:38:00.000000000,,2023-11-08 10:38:00,Automatically generated service asset,Web Hosting Service
VOE-69368400,EXP00000262,1761,Services,Processed,2023-12-08 21:02:49.030556598,,2023-11-30 16:27:00,Automatically generated service line for asset creation,Cloud Computing Service
KIN-36341114,EXP00000263,6185,Assets,Processed,2023-05-06 04:41:05.728908297,,2023-04-21 10:43:00,Inventory update for new asset arrival,Dell Inspiron 15 3000 Series Laptop
,EXP00000264,1897,Travel,Processed,2024-01-17 14:49:00.000000000,,2024-01-16 14:49:00,Travel related hardware configuration asset,Travel Kit - Laptop and Accessories
,EXP00000265,3220,Miscellaneous,Declined,,,2023-12-16 06:12:00,Automatically generated expense line for creation of miscellaneous assets,Office Projector Model X150
SVS-85712629,EXP00000266,6813,Assets,Declined,,,2023-03-12 04:03:00,Manually tracked desktop workstation,Dell OptiPlex 3080
SOB-77996269,EXP00000267,1966,Assets,Submitted,,,2023-09-05 06:51:00,Procurement of new corporate assets,Dell Latitude 7420
,EXP00000268,4548,Travel,Submitted,,,2024-01-17 10:29:00,Travel asset information,Travel Management System
VWM-05050610,EXP00000269,2379,Assets,Processed,2023-03-25 19:11:00.000000000,,2023-03-24 19:11:00,Automated data entry for addition of new asset,Dell Latitude 7400
,EXP00000270,1072,Miscellaneous,Processed,2024-01-06 22:17:45.728447192,,2023-12-27 01:57:00,Asset for Miscellaneous category,Dell Inspiron 15
NNM-02721497,EXP00000271,6016,Assets,Processed,2023-05-17 00:08:16.369480735,,2023-05-12 18:33:00,Acquisition of new IT asset,Dell Precision 5540
ADI-69120213,EXP00000272,1591,Assets,Processed,2023-11-26 04:11:00.000000000,,2023-11-25 04:11:00,Allocation of new asset to IT department,Dell Latitude 7410
PEQ-54267263,EXP00000273,6101,Assets,Processed,2023-11-25 22:12:44.926782163,,2023-11-14 20:19:00,Acquisition of new Hardware Asset,Dell Latitude 7490
,EXP00000274,988,Travel,Pending,,,2023-10-24 16:36:00,Automatically generated expense line for creation of travel-related asset,Company Issued Travel Pass
,EXP00000275,441,Miscellaneous,Declined,,,2023-10-06 11:58:00,Automatically generated asset line for Miscellaneous item,Miscellaneous Xbox One Gaming Console
ZUX-02929027,EXP00000276,1938,Services,Pending,,,2023-10-21 16:41:00,Automatically generated services asset line,Cloud Infrastructure Service
WOG-97328379,EXP00000277,4803,Assets,Processed,2024-01-23 15:19:07.861611310,,2024-01-03 12:38:00,ServiceNow Hardware Asset Record,Server HP ProLiant DL380 G10
VOY-17878881,EXP00000278,4855,Assets,Processed,2023-11-02 03:25:00.000000000,,2023-11-01 03:25:00,Automated Asset Registration for new equipment,Lenovo Thinkpad X1
CUX-78054020,EXP00000279,2424,Assets,Processed,2024-02-11 18:46:25.845383650,,2024-02-05 18:40:00,Dell Latitude 5400 laptop procurement,Dell Latitude 5400
IMA-38428785,EXP00000280,1940,Assets,Processed,2023-07-14 21:37:06.718976982,,2023-07-01 05:10:00,HP EliteBook Laptop added to assets,HP EliteBook 840 G7
GMG-83268063,EXP00000281,1995,Services,Processed,2023-11-13 20:17:58.080015108,,2023-10-26 10:27:00,Service related hardware asset,Cisco Service Router
ENR-23937597,EXP00000282,7562,Assets,Pending,,,2024-02-21 23:40:00,Automated registration of new asset,Dell Latitude 7420
,EXP00000283,864,Travel,Processed,2024-04-25 10:10:09.104428741,,2024-04-24 02:08:00,Travel category - Automatically generated expense line for creation of asset,Travel agency software asset-123
,EXP00000284,3168,Travel,Submitted,,,2023-12-15 18:44:00,Travel related hardware configuration,Dell Latitude 14
KJX-29710626,EXP00000285,1594,Assets,Declined,,,2023-07-23 04:26:00,Asset Item Dell Laptop i7,Dell Laptop i7 - 204089HQ
,EXP00000286,2953,Travel,Processed,2023-03-29 23:54:45.850879316,,2023-03-21 23:45:00,Expense generated for travel-related asset,Travel Luggage Trolley
,EXP00000287,6269,Travel,Submitted,,,2024-04-24 18:41:00,Expense for new company travel laptop,Dell Latitude 7420
TXT-43741128,EXP00000288,6148,Assets,Declined,,,2023-04-23 12:29:00,Automated asset entry for acquired hardware,Dell Latitude 5501
IIS-16362554,EXP00000289,1299,Assets,Declined,,,2023-08-04 05:41:00,Entry for newly purchased Dell desktop,Dell Optiplex 3090MT
SVL-50373294,EXP00000290,3082,Assets,Declined,,,2023-02-04 21:15:00,Asset registration for new office hardware,Dell Optiplex 3080 Desktop
XTN-06140740,EXP00000291,1298,Assets,Declined,,,2023-08-12 07:06:00,Automated processing of new asset,Dell Latitude E7470
,EXP00000292,4968,Travel,Declined,,,2023-12-18 16:05:00,Travel related asset registered,Corporate Travel Booking System
,EXP00000293,6915,Travel,Declined,,,2023-09-27 06:58:00,Travel-related hardware asset,GlobalSat BU-353 GPS Receiver
GWX-27543804,EXP00000294,1154,Services,Declined,,,2024-04-06 21:55:00,Automated configuration of Services asset,Microsoft Office 365 Suite
EJN-69133545,EXP00000295,2689,Assets,Processed,2023-05-25 09:51:27.730501496,,2023-05-19 18:43:00,Automatically generated request for addition of new asset,Dell Optiplex 3080 Micro PC
,EXP00000296,4740,Miscellaneous,Processed,2023-06-19 06:20:00.000000000,,2023-06-18 06:20:00,Automatically generated expense line for creation of miscellaneous asset,Conference Room Projector
JRT-95538648,EXP00000297,4250,Assets,Processed,2023-03-20 07:00:17.314028062,,2023-03-10 00:31:00,Updating asset information for department servers,Dell PowerEdge R740
KEA-86601099,EXP00000298,3350,Assets,Processed,2023-02-19 15:42:33.940608374,,2023-02-16 22:43:00,Asset Entry for CI Device,Dell Latitude E5500
,EXP00000299,4683,Travel,Declined,,,2023-02-06 14:32:00,Travel related hardware acquired,Travel Laptop Lenovo X1
FFD-37052432,EXP00000300,6279,Assets,Processed,2023-03-08 20:55:00.000000000,,2023-03-07 20:55:00,Asset created for tracking company laptops,Dell Latitude 3410
LJY-19815199,EXP00000301,1487,Services,Processed,2023-07-31 00:58:35.985936265,,2023-07-26 01:30:00,Service-based software hardware addition,On-Premise Cloud Service
SFY-00538987,EXP00000302,787,Services,Processed,2023-08-02 12:18:56.678968246,,2023-08-01 04:27:00,Automatically generated service line for configuration of asset,Cloud Computing Service
WXY-93249667,EXP00000303,3967,Assets,Processed,2024-04-05 08:40:00.000000000,,2024-04-04 08:40:00,Asset Entry - Lenovo ThinkPad,Lenovo ThinkPad L480
UWQ-63504958,EXP00000304,512,Assets,Processed,2023-03-12 07:43:04.239639917,,2023-03-10 23:32:00,Automated creation of new hardware asset,Dell Latitude 7400
PLS-46985955,EXP00000305,163,Services,Declined,,,2023-12-03 00:57:00,Services related hardware asset,Web Server WS-123
,EXP00000306,4516,Miscellaneous,Declined,,,2023-07-04 19:52:00,Allocated for new joiner in design department,Dell Inspiron 5502
WBE-38112195,EXP00000307,772,Services,Declined,,,2023-03-04 22:04:00,Service asset registered into system,Cloud Storage Service
,EXP00000308,5628,Travel,Declined,,,2023-11-24 15:00:00,Travel laptop assigned for business trips,Dell Latitude 7410 Travel Edition
,EXP00000309,4057,Miscellaneous,Declined,,,2023-09-15 08:11:00,Miscellaneous hardware asset generated,Dell Optiplex 3070
KFI-06109073,EXP00000310,330,Services,Declined,,,2023-12-01 16:40:00,Service asset allocation to the AWS Cloud,Amazon Web Services
,EXP00000311,1786,Travel,Processed,2024-03-08 22:58:00.000000000,,2024-03-07 22:58:00,Travel department requested new asset registration,Travel Expense Management System
,EXP00000312,924,Miscellaneous,Processed,2023-03-16 13:48:34.823565023,,2023-03-08 21:29:00,Miscellaneous hardware asset registered,Dell OptiPlex 3070
LET-37088675,EXP00000313,475,Services,Processed,2023-12-16 04:43:36.996365422,,2023-12-12 23:49:00,Establishment of service-related asset,Cloud based service asset
KWH-07182867,EXP00000314,631,Services,Processed,2023-04-02 09:33:03.663534323,,2023-03-29 00:04:00,Service related hardware asset registration,AWS Cloud Services
LJW-95055914,EXP00000315,261,Services,Declined,,,2023-07-01 03:09:00,Purchase of new cloud service subscription,Microsoft Azure Subscription
,EXP00000316,6052,Travel,Pending,,,2024-04-01 14:29:00,Automatically generated expense line for purchase of travel assets,Travel Kit Pro
DFX-98812347,EXP00000317,5854,Assets,Processed,2023-10-11 20:13:00.000000000,,2023-10-10 20:13:00,Lenovo ThinkPad Asset Acquisition,Lenovo ThinkPad E14
,EXP00000318,504,Miscellaneous,Submitted,,,2024-04-21 11:41:00,Miscellaneous hardware asset creation,HP Pavilion Desktop
ELJ-73967483,EXP00000319,1701,Assets,Processed,2023-11-26 11:09:07.496723032,,2023-11-17 10:59:00,Instantiated hardware asset,Desktop Dell Optiplex 3070
,EXP00000320,2678,Travel,Declined,,,2024-02-24 21:05:00,Travel department laptop asset,Dell Latitude 5420 Travel Edition
HWV-53097642,EXP00000321,6111,Assets,Processed,2023-10-23 20:55:00.000000000,,2023-10-22 20:55:00,Procurement of new hardware asset,Lenovo ThinkPad L480
OLP-11636683,EXP00000322,1899,Services,Processed,2023-11-16 03:20:43.714817830,,2023-11-06 23:39:00,Provision of Email Server Service,Exchange Server 2019
NIL-42765940,EXP00000323,2473,Assets,Processed,2023-09-13 23:47:51.248997640,,2023-09-12 01:32:00,Asset tagging for new hardware,Cisco Router Model-8540
JBV-15463746,EXP00000324,837,Assets,Processed,2023-05-16 12:19:24.749214428,,2023-05-08 08:43:00,Automatically acquired asset: iPhone 12,Device73829-Asset
RTL-46292878,EXP00000325,7972,Assets,Pending,,,2023-09-11 02:16:00,Allocation of new company asset,Dell OptiPlex 7080 Desktop
,EXP00000326,6423,Travel,Processed,2024-04-21 07:02:06.152539775,,2024-04-15 03:43:00,Travel expense generated for asset creation,Travel Kit Asset ID
BNF-02353015,EXP00000327,7989,Assets,Submitted,,,2024-02-02 10:05:00,Procurement of networking asset,Cisco Router 260
DXA-67734809,EXP00000328,1895,Assets,Processed,2023-03-18 08:39:59.108006084,,2023-03-13 19:40:00,Dell Laptop asset registration,Dell Inspiron 5502
TPP-65794771,EXP00000329,3122,Assets,Processed,2023-10-24 06:40:33.334739337,,2023-10-08 12:53:00,Automatically generated record for new hardware asset addition,Dell XPS 13 9310
KPQ-92709350,EXP00000330,967,Services,Processed,2023-06-25 17:35:43.820856360,,2023-06-14 20:29:00,Installation and setup service for new hardware asset,Network Router Model XR500
,EXP00000331,1179,Travel,Processed,2023-07-25 19:34:11.782750788,,2023-07-09 07:16:00,Travel related asset allocation,Vehicle Garmin GPS System
QSD-12493224,EXP00000332,7857,Assets,Processed,2023-02-23 21:28:30.223528512,,2023-02-11 03:29:00,Automated item entry for new asset,Dell PowerEdge T40 Server
NPV-62000610,EXP00000333,1459,Assets,Processed,2024-02-26 15:24:00.000000000,,2024-02-25 15:24:00,Asset registration for new server,Dell PowerEdge R740
MMW-39073734,EXP00000334,1106,Assets,Processed,2023-08-05 15:36:29.674741808,,2023-07-30 05:20:00,Automated entry for newly acquired hardware asset,Dell OptiPlex 7050 Desktop PC
PMC-58452011,EXP00000335,518,Services,Processed,2023-05-24 10:20:00.000000000,,2023-05-23 10:20:00,Automatically generated service asset line,Cloud Service Provider
AEZ-85708084,EXP00000336,7890,Assets,Processed,2023-02-28 00:32:00.000000000,,2023-02-27 00:32:00,Automatic inventory record - Asset acquisition,HP EliteBook 840 G5
NLB-17785579,EXP00000337,3601,Assets,Processed,2023-05-19 14:31:53.564127326,,2023-05-18 10:29:00,Automated data for Dell Optiplex 3070,Dell Optiplex 3070
SRL-76181679,EXP00000338,6641,Assets,Pending,,,2023-08-16 21:30:00,Automatically generated system log for new Asset creation,Dell Latitude 5400
WLY-65873346,EXP00000339,6164,Assets,Submitted,,,2023-07-21 02:30:00,Provisioning new hardware asset,Lenovo ThinkPad X1
,EXP00000340,4275,Travel,Submitted,,,2023-12-12 09:57:00,Travel hardware equipment expense log,Dell Latitude 5520
SLK-93334405,EXP00000341,5878,Assets,Processed,2023-07-28 19:08:40.080951721,,2023-07-13 15:19:00,Asset creation for office laptop,Dell Latitude 5501
ZSL-95580888,EXP00000342,504,Services,Processed,2023-06-16 07:37:38.692501796,,2023-06-11 13:45:00,Provision of new cloud service,Microsoft Azure
WNQ-62899120,EXP00000343,2170,Assets,Processed,2023-04-10 08:52:00.000000000,,2023-04-09 08:52:00,Automatically generated asset for company hardware,HP EliteBook 840 G5
,EXP00000344,757,Miscellaneous,Processed,2024-02-21 11:49:00.000000000,,2024-02-20 11:49:00,Creation of Miscellaneous Asset,Office Furniture (Desk)
YRB-40587697,EXP00000345,7961,Assets,Processed,2024-02-03 07:42:00.000000000,,2024-02-02 07:42:00,Procurement of new hardware asset,Dell Precision 7550 Workstation
KIU-58146298,EXP00000346,6469,Assets,Processed,2023-04-27 08:16:39.975330558,,2023-04-21 07:19:00,Dell Optiplex 3080 acquired for IT department,Dell Optiplex 3080 - 7TJF6K2
ICP-72365651,EXP00000347,6598,Assets,Processed,2023-05-31 03:46:12.586143049,,2023-05-15 09:31:00,Asset Registration for New Server,Dell PowerEdge R740 Server
ADN-38907222,EXP00000348,3410,Assets,Processed,2023-08-11 16:41:57.936405850,,2023-07-31 18:21:00,Asset registration for new office equipment,Dell OptiPlex 3080 Desktop
,EXP00000349,1660,Miscellaneous,Pending,,,2023-12-25 01:40:00,Automatically generated hardware line for creation of miscellaneous asset,Conference Room Projector
,EXP00000350,896,Miscellaneous,Submitted,,,2023-02-23 15:51:00,Miscellaneous category hardware asset,Desktop PC Dell OptiPlex
GQO-29708332,EXP00000351,5563,Assets,Processed,2023-12-31 09:30:58.725171871,,2023-12-17 04:25:00,Asset Registration for New Data Center Server,Dell PowerEdge R740
GQC-44784824,EXP00000352,557,Assets,Processed,2024-01-20 06:10:00.000000000,,2024-01-19 06:10:00,Asset purchase - Dell Latitude 7410 Laptop,Dell Latitude 7410 Laptop
UNU-37586402,EXP00000353,3487,Assets,Submitted,,,2023-10-07 11:42:00,Newly procured IT asset for development team,Dell Latitude 7420
,EXP00000354,7063,Travel,Submitted,,,2023-12-31 21:09:00,Travel expense for asset allocation,Travel Service Configuration 001
CII-76121588,EXP00000355,585,Services,Processed,2024-04-15 08:32:49.538106273,,2024-04-06 07:48:00,Service related hardware asset,Service Cloud Server Model 2020
,EXP00000356,5389,Travel,Pending,,,2023-12-06 14:01:00,Network router for travel agents,Cisco Router TravelPack
NMH-98077128,EXP00000357,331,Services,Processed,2023-07-11 00:28:26.300587168,,2023-07-01 01:20:00,Implementation of new cloud service,AWS Cloud Service
FGX-31366610,EXP00000358,5158,Assets,Processed,2023-09-25 19:54:01.725266306,,2023-09-17 06:50:00,New asset registered in the database,Dell OptiPlex 7040
,EXP00000359,2334,Miscellaneous,Processed,2023-09-20 19:47:50.718601191,,2023-09-12 00:50:00,Additional hardware asset registered,Miscellaneous Hardware Item
,EXP00000360,3433,Miscellaneous,Submitted,,,2023-07-11 06:12:00,Miscellaneous hardware asset,Air Purifier Model AP-334
,EXP00000361,1161,Travel,Submitted,,,2023-02-13 05:09:00,Automatically generated expense line for creation of travel asset,Travel Equipment 10
,EXP00000362,5525,Travel,Processed,2023-11-09 11:01:00.000000000,,2023-11-08 11:01:00,Travel expense for service upgrade,TravelService_2034
,EXP00000363,7212,Travel,Processed,2024-02-23 18:18:08.249634452,,2024-02-11 07:27:00,Travel-related hardware asset,Portable GPS Device
WTZ-35624265,EXP00000364,6857,Assets,Declined,,,2024-04-06 22:38:00,Dell Optiplex 3060 workstation added to assets,Dell Optiplex 3060
,EXP00000365,2203,Travel,Processed,2023-08-26 12:51:00.000000000,,2023-08-25 12:51:00,Travel-related hardware asset,Portable GPS Device
,EXP00000366,4923,Miscellaneous,Declined,,,2024-02-17 04:25:00,Miscellaneous hardware asset acquisition,Samsung Smart TV 42 Inch
FKI-69591136,EXP00000367,722,Assets,Pending,,,2023-07-04 20:59:00,Hardware asset Dell Latitude added to Assets,Dell Latitude 5420
,EXP00000368,721,Miscellaneous,Processed,2023-09-26 05:23:25.277841352,,2023-08-31 23:36:00,Item added to Miscellaneous inventory,Dell Inspiron 15
REP-69160216,EXP00000369,6579,Assets,Processed,2023-03-23 02:05:01.976697519,,2023-03-05 03:45:00,Hardware asset procurement for IT department,Dell Latitude E7470
,EXP00000370,6377,Travel,Processed,2023-11-04 07:08:14.918783088,,2023-10-23 19:25:00,Automated generation of travel asset,Premium Travel Backpack
WKG-07666577,EXP00000371,7160,Assets,Pending,,,2023-03-10 06:49:00,Automatically generated line for asset creation - Laptop,Lenovo ThinkPad E14
,EXP00000372,2261,Travel,Declined,,,2023-12-05 05:29:00,Travel specific hardware asset,HP EliteBook 840 Travel Edition
,EXP00000373,1578,Miscellaneous,Processed,2024-01-24 21:26:59.384257372,,2024-01-09 09:14:00,Miscellaneous Hardware Asset,Dell Precision 3551
YOR-90816624,EXP00000374,2740,Assets,Processed,2023-11-14 08:45:00.000000000,,2023-11-13 08:45:00,Additional server for database expansion,Dell PowerEdge R740
ACX-22202310,EXP00000375,1079,Assets,Processed,2024-03-28 03:51:54.012086607,,2024-03-20 06:42:00,Replacement for faulty computer mouse,Logitech MX Master 3
,EXP00000376,3342,Miscellaneous,Processed,2023-11-02 04:53:13.861380533,,2023-10-31 13:00:00,Purchase of various miscellaneous hardware assets,Assorted Hardware Items
RQA-51980845,EXP00000377,419,Services,Declined,,,2023-06-22 14:44:00,Provisioning of Service-related hardware,Server Service Package 1
GTT-72601497,EXP00000378,4063,Assets,Processed,2023-11-07 19:52:06.383028812,,2023-11-05 04:38:00,ServiceNow asset creation for office equipment,Dell Latitude 7400
BER-71205967,EXP00000379,1345,Assets,Processed,2023-05-12 16:35:00.000000000,,2023-05-11 16:35:00,Asset Registration: Dell Desktop,Dell OptiPlex 3080
,EXP00000380,1092,Miscellaneous,Processed,2023-03-22 12:22:35.832488380,,2023-03-08 01:33:00,Miscellaneous asset added to the inventory,Dell XPS 17
YQQ-25554814,EXP00000381,4469,Assets,Submitted,,,2023-12-18 13:01:00,Automatically generated expense line for asset procurement,IBM Lenovo ThinkPad
KGB-85803583,EXP00000382,801,Assets,Processed,2023-10-08 15:03:58.350155946,,2023-10-03 06:14:00,Purchasing of new asset,Dell XPS 13
,EXP00000383,2776,Travel,Processed,2023-03-27 13:09:00.000000000,,2023-03-26 13:09:00,Expenses for new business travel assets,Travel Equipment Package
WTP-74117733,EXP00000384,4153,Assets,Submitted,,,2023-06-03 10:13:00,Automated asset registration for new server,Dell PowerEdge R640
ZYA-89755012,EXP00000385,6468,Assets,Processed,2023-11-26 12:42:24.073022585,,2023-11-22 16:13:00,Newly procured asset for IT department,Dell Latitude 7490
JQE-76083124,EXP00000386,940,Services,Submitted,,,2023-02-13 00:57:00,Service-based Hardware Asset generated,Cloud Service Provider
,EXP00000387,2724,Travel,Processed,2023-02-02 20:13:00.000000000,,2023-02-01 20:13:00,Travel-related asset acquisition,Lenovo ThinkPad X1 Carbon
,EXP00000388,2190,Travel,Declined,,,2024-04-24 00:36:00,Travel related hardware purchase,Dell Latitude 7480
YAR-36017695,EXP00000389,2190,Assets,Pending,,,2023-04-16 22:58:00,Procurement of new hardware asset,Dell Inspiron Desktop
EWE-89606877,EXP00000390,2922,Assets,Processed,2023-11-10 05:48:00.000000000,,2023-11-09 05:48:00,New asset acquisition for company hardware inventory,Dell Latitude 5500
HQK-87759521,EXP00000391,1599,Services,Processed,2024-01-22 04:02:31.453401455,,2024-01-18 18:53:00,Automatically generated service line for creation of asset,Cloud Storage Service
,EXP00000392,378,Miscellaneous,Processed,2023-05-10 14:59:38.695017985,,2023-05-05 10:49:00,Registration of new miscellaneous hardware asset,Miscellaneous Equipment 458
NVQ-96368682,EXP00000393,5685,Assets,Processed,2023-06-28 04:56:28.159348211,,2023-06-18 17:12:00,Managed hardware asset registration,Dell Latitude 5411
GMC-03836440,EXP00000394,1117,Assets,Processed,2023-07-10 07:37:56.634649378,,2023-06-21 23:56:00,Addition of new hardware asset,Dell Latitude 7480
OWR-73453113,EXP00000395,4586,Assets,Processed,2023-10-27 06:21:30.286080691,,2023-10-12 12:45:00,Automated ServiceNow asset creation for HP Printer,HP LaserJet 500 Color M570dn
,EXP00000396,4197,Travel,Processed,2023-10-12 17:34:03.574207930,,2023-10-07 23:14:00,Travel equipment purchase for new remote employee,Dell Latitude 7420 Business Laptop
KQO-97227893,EXP00000397,1813,Services,Submitted,,,2023-07-21 22:50:00,Provisioning of new cloud service asset,Microsoft Azure Subscription
,EXP00000398,6398,Travel,Submitted,,,2023-05-05 06:57:00,Automatically generated expense line for creation of travel equipment,Camping Gear Kit
,EXP00000399,4441,Miscellaneous,Pending,,,2023-12-25 12:49:00,Miscellaneous asset entry,Generic Office Equipment
,EXP00000400,8000,Travel,Pending,,,2023-09-11 15:30:00,Automatically generated expense line for travel equipment,Travel Laptop Dell Inspiron 15
,EXP00000401,8000,Travel,Processed,2023-03-15 15:59:00.000000000,,2023-03-14 15:59:00,Travel equipment related expense,Samsonite travel luggage
,EXP00000402,8000,Travel,Processed,2023-07-03 14:31:00.000000000,,2023-07-02 14:31:00,Travel-related asset registration,Traveling Suitcase 24
,EXP00000403,8000,Travel,Processed,2023-07-27 09:14:00.000000000,,2023-07-26 09:14:00,Travel-related asset acquired,Business Class Flight Ticket
,EXP00000404,8000,Travel,Processed,2023-06-23 05:39:00.000000000,,2023-06-22 05:39:00,Expense incurred for the purchase of travel equipment,Travel Accessory Kit
,EXP00000405,8000,Travel,Declined,,,2023-08-31 22:40:00,Automatically generated expense line for creation of travel asset,Travel Service Ticket
,EXP00000406,8000,Travel,Submitted,,,2024-01-14 16:08:00,Automatically generated asset for travel equipment,Portable GPS Navigator
,EXP00000407,8000,Travel,Processed,2023-04-15 00:18:17.562389182,,2023-04-13 09:48:00,Travel expense for allocation of GPS device,Garmin GPSmap 64s
,EXP00000408,8000,Travel,Pending,,,2024-03-06 04:34:00,Travel equipment asset generation,Luggage Trolley Cart
,EXP00000409,8000,Travel,Declined,,,2024-02-22 01:39:00,Automatically added travel equipment,Portable Global Positioning System
,EXP00000410,8000,Travel,Processed,2024-03-27 06:00:51.797385070,,2024-03-26 02:19:00,Automatically generated expense line for creation of travel equipment,Samsonite suitcase
,EXP00000411,8000,Travel,Declined,,,2023-12-20 08:23:00,Travel kit hardware item generation,Dell Latitude 14 Travel Laptop
,EXP00000412,8000,Travel,Submitted,,,2023-10-05 15:02:00,Travel equipment asset,Premium Luggage Trolley
,EXP00000413,8000,Travel,Processed,2023-12-10 20:16:00.000000000,,2023-12-09 20:16:00,Travel equipment requisition,Travel Kit Bag
,EXP00000414,8000,Travel,Processed,2023-06-10 01:19:25.676831305,,2023-06-08 19:26:00,Automatically generated expense line for creation of travel asset,Business Class Airline Ticket
,EXP00000415,8000,Travel,Processed,2023-06-27 20:56:52.506137594,,2023-06-22 10:04:00,Travel related asset registration,Travel Vehicle 1001
,EXP00000416,8000,Travel,Submitted,,,2023-07-19 01:02:00,Automatically generated expense line for creation of travel asset,Luxury Coach Bus
,EXP00000417,8000,Travel,Processed,2023-07-12 03:16:10.857845730,,2023-07-08 13:16:00,Company assigned travel related asset,Corporate Travel Laptop
,EXP00000418,8000,Travel,Processed,2024-03-08 08:44:56.871494468,,2024-02-26 16:01:00,Travel supplies and packs for business trips,Vehicle Volume XL
,EXP00000419,8000,Travel,Processed,2023-08-02 21:56:07.012208508,,2023-07-28 21:20:00,Travel department latest laptop asset purchase,Dell Latitude 3500
,EXP00000420,8000,Travel,Processed,2023-06-01 23:22:00.000000000,,2023-05-31 23:22:00,Travel expenses for business laptop,Dell Latitude 7410
,EXP00000421,8000,Travel,Submitted,,,2023-11-20 15:30:00,Business Travel Equipment Purchase,Dell Latitude 7410
,EXP00000422,8000,Travel,Processed,2023-06-25 22:25:19.985349481,,2023-06-06 06:58:00,Travel equipment,Travel suitcase Pro 20 
,EXP00000423,8000,Travel,Processed,2023-10-24 20:05:09.591417537,,2023-10-16 17:24:00,Automatically generated asset for travel category,Travel Laptop Dell XPS 13
,EXP00000424,8000,Travel,Processed,2023-09-19 10:39:27.824937698,,2023-08-31 06:31:00,Travel-related asset procurement,Travel Booking Software
,EXP00000425,8000,Travel,Submitted,,,2023-11-27 20:07:00,Transportation costs for business travel,Enterprise Car Rental
,EXP00000426,8000,Travel,Processed,2024-01-07 17:18:31.465683031,,2023-12-28 08:29:00,Travel expense logged for allocated laptop,Dell Latitude 7490
,EXP00000427,8000,Travel,Declined,,,2023-10-26 08:42:00,Travel-associated hardware asset,Dell Latitude 5420 Travel Laptop
,EXP00000428,8000,Travel,Processed,2024-02-06 14:59:20.178350087,,2024-01-24 23:32:00,Travel-related asset,Business Class Flight Ticket
,EXP00000429,8000,Travel,Pending,,,2023-11-06 06:24:00,Automatically generated asset for travel category,Travel Accessories Kit
,EXP00000430,8000,Travel,Declined,,,2024-02-26 11:20:00,Travel equipment asset generation,Travel Tracker GPS Device
,EXP00000431,8000,Travel,Processed,2023-12-22 04:50:00.000000000,,2023-12-21 04:50:00,Automatically generated expense line for creation of travel equipment,High-end suitcase with GPS Tracking
,EXP00000432,8000,Travel,Submitted,,,2024-01-08 08:38:00,Travel department allocated laptop,Dell Latitude 7410
,EXP00000433,8000,Travel,Declined,,,2023-02-25 23:26:00,Travel related expense for asset generation,Business Travel Kit
,EXP00000434,8000,Travel,Pending,,,2023-07-12 20:32:00,Automatically generated expense line for creation of travel related asset,Business Class Flight Tickets
,EXP00000435,8000,Travel,Processed,2023-04-17 04:59:36.343891685,,2023-04-01 04:39:00,Travel equipment asset registration,Traveler's Laptop Dell XPS 13
,EXP00000436,8000,Travel,Declined,,,2023-12-06 21:00:00,Travel equipment - luggage tracking device,GPS-TravelTracker01
,EXP00000437,8000,Travel,Processed,2023-09-26 11:53:19.901723550,,2023-09-19 18:36:00,Automatically generated expense line for purchase of travel gear,Samsonite Suitcase
,EXP00000438,8000,Travel,Processed,2023-08-20 13:25:40.044855380,,2023-08-14 22:23:00,Travel equipment for employees,Portable power bank
,EXP00000439,8000,Travel,Processed,2023-06-12 22:10:00.000000000,,2023-06-11 22:10:00,Travel expenses asset entry,Airline Tickets
,EXP00000440,8000,Travel,Submitted,,,2023-12-28 15:53:00,Travel-related hardware asset populated,Dell Vostro 3500 Laptop
,EXP00000441,8000,Travel,Processed,2023-07-19 03:40:01.758068623,,2023-07-02 09:18:00,Asset purchased for business travel purposes,Dell Latitude 7390
,EXP00000442,8000,Travel,Processed,2023-11-26 23:56:32.504219587,,2023-11-12 01:45:00,Automatically generated management tool for travel expense tracking,Travel Management Software
,EXP00000443,8000,Travel,Declined,,,2023-05-07 03:39:00,Purchased travel luggage asset,Samsonite Omni Expandable Hardside Luggage
,EXP00000444,8000,Travel,Processed,2024-01-19 18:43:00.000000000,,2024-01-18 18:43:00,Automatically generated expense line for purchase of travel asset,Business Class Flight Tickets
,EXP00000445,8000,Travel,Declined,,,2023-04-14 02:44:00,Automatically generated expense line for creation of travel asset,Company Car Model X
,EXP00000446,8000,Travel,Processed,2023-07-20 17:24:00.000000000,,2023-07-19 17:24:00,Automatically generated expense line for creation of Travel luggage,Wheeled Carry-On Suitcase
,EXP00000447,8000,Travel,Processed,2023-04-07 00:00:42.247517289,,2023-03-30 23:56:00,Travel booking software asset,TravelPro Management System Suite
,EXP00000448,8000,Travel,Processed,2023-02-21 10:57:23.680876209,,2023-02-12 09:57:00,Travel related asset,Corporate Travel Equipment
,EXP00000449,8000,Travel,Submitted,,,2024-04-06 20:13:00,Travel equipment asset generated,Business-Class Travel Laptop
,EXP00000450,8000,Travel,Processed,2024-02-20 09:47:37.760148580,,2024-02-19 04:39:00,Travel related hardware for employees,Portable Charger Pack
,EXP00000451,8000,Travel,Declined,,,2023-09-20 02:02:00,Travel-related asset creation,Travel Booking Software 
,EXP00000452,8000,Travel,Processed,2023-05-26 23:35:43.538038508,,2023-05-23 03:23:00,Configuration item for travel,Business Travel Package
,EXP00000453,8000,Travel,Pending,,,2024-04-11 10:15:00,Travel related hardware asset created,Lenovo Thinkpad Travel Edition
,EXP00000454,8000,Travel,Processed,2024-03-15 16:18:11.202881363,,2024-02-25 05:12:00,Travel-related asset allocation,Travelers Laptop Dell Latitude
,EXP00000455,8000,Travel,Processed,2024-02-28 08:58:09.134306854,,2024-02-21 12:23:00,Automatically generated expense line for creation of travel asset,Business Class Flight Ticket
,EXP00000456,8000,Travel,Processed,2023-12-08 16:54:12.952389578,,2023-12-07 11:12:00,Travel related asset generated,VIP Executive Travel Kit
,EXP00000457,8000,Travel,Processed,2024-01-09 09:26:10.702068779,,2024-01-07 08:04:00,Travel based configuration asset item,GPS Navigator Model X
,EXP00000458,8000,Travel,Submitted,,,2023-06-04 01:40:00,Automatically generated expense line for creation of travel asset,First-class Airliner Ticket
,EXP00000459,8000,Travel,Processed,2024-02-07 08:40:19.736792856,,2024-01-26 19:02:00,Automatically generated expense line for travel-related asset,Travel Backpack
,EXP00000460,8000,Travel,Processed,2023-10-19 18:47:00.000000000,,2023-10-18 18:47:00,Travel equipment asset registration,Portable Global Positioning System
,EXP00000461,8000,Travel,Processed,2023-12-04 18:47:28.550828341,,2023-12-02 03:45:00,Travel related hardware asset creation,Travel Accessory Kit
,EXP00000462,8000,Travel,Processed,2024-01-07 00:14:03.902456586,,2023-12-24 08:19:00,Automatically generated expense line for creation of Travel Equipment,Samsonite Pro-DLX 4 Suitcase
,EXP00000463,8000,Travel,Declined,,,2023-05-05 19:52:00,Travel related equipment asset,Targus CityLite Laptop Bag
,EXP00000464,8000,Travel,Processed,2023-02-06 08:43:18.187290016,,2023-02-01 04:13:00,Travel expense creation for new asset,Travel Equipment
,EXP00000465,8000,Travel,Processed,2024-03-01 20:02:14.249017439,,2024-02-17 01:03:00,Travel related expense line for acquisition of GPS tracker,Garmin GPS Tracker G5
,EXP00000466,8000,Travel,Processed,2023-10-04 14:35:06.516842373,,2023-09-26 15:44:00,Travel equipment asset registration,Travel suitcase
,EXP00000467,8000,Travel,Declined,,,2023-07-09 17:30:00,Automatically generated expense line for creation of travel asset,Flight Ticket
,EXP00000468,8000,Travel,Declined,,,2023-09-05 12:58:00,Travel baggage tracking device,GPS Tracker Model X
,EXP00000469,8000,Travel,Processed,2023-10-04 20:16:34.829898636,,2023-09-23 20:07:00,Travel department hardware asset registration,Lenovo ThinkPad X1 Carbon
,EXP00000470,8000,Travel,Processed,2023-03-08 10:27:36.810234818,,2023-03-01 08:40:00,Travel equipment acquisition expense,High-end travel laptop
,EXP00000471,8000,Travel,Processed,2024-04-21 00:15:58.287020149,,2024-04-12 06:45:00,Travel related asset addition,Car Rental Service
,EXP00000472,8000,Travel,Declined,,,2023-08-11 08:42:00,Travel item asset addition,Extra durable travelling backpack
,EXP00000473,8000,Travel,Processed,2023-04-04 10:57:00.000000000,,2023-04-03 10:57:00,Travel expense incurred for new asset acquisition,Airline Ticket
,EXP00000474,8000,Travel,Processed,2023-03-15 14:55:46.689133346,,2023-03-12 13:07:00,Travel related asset creation,Travel Expense Voucher
,EXP00000475,8000,Travel,Pending,,,2023-08-10 02:54:00,Travel related automated expenditure for asset acquisition,Travel Equipment Kit 20
,EXP00000476,8000,Travel,Processed,2023-12-09 15:43:52.396312911,,2023-11-29 05:30:00,Travel related asset purchasing,International Travel Package
,EXP00000477,8000,Travel,Processed,2023-11-10 23:56:27.167626239,,2023-11-07 10:29:00,Travel equipment asset creation,Traveler's Laptop Dell XPS 13
,EXP00000478,8000,Travel,Pending,,,2023-08-08 14:41:00,Hardware asset for business travel,Dell Latitude 7400 14
,EXP00000479,8000,Travel,Declined,,,2023-11-15 07:15:00,Travel-related hardware asset,Travel Pro Bag
,EXP00000480,8000,Travel,Processed,2023-09-29 11:20:35.068235070,,2023-09-10 17:33:00,Travel asset management: suitcase,Samsonite Omni PC 20
,EXP00000481,8000,Travel,Processed,2023-09-15 22:53:00.000000000,,2023-09-14 22:53:00,Travel-related hardware asset,Portable Power Bank
,EXP00000482,8000,Travel,Processed,2023-09-08 02:02:00.000000000,,2023-09-07 02:02:00,Travel assets management,Luggage Trolley
,EXP00000483,8000,Travel,Processed,2023-04-26 00:17:05.490471601,,2023-04-22 12:33:00,Business travel related hardware asset,Dell Latitude 7210
,EXP00000484,8000,Travel,Processed,2023-05-31 16:15:51.516764034,,2023-05-08 07:23:00,Travel expense record for purchase of asset,Travel Luggage
,EXP00000485,8000,Travel,Processed,2023-10-31 09:11:44.762394754,,2023-10-23 07:54:00,Travel related expense for allocation of asset,Travel Kit Essentials
,EXP00000486,8000,Travel,Processed,2023-06-09 18:56:00.000000000,,2023-06-08 18:56:00,Travel Expense Tracker Software Asset,HP EliteBook 840 G7
,EXP00000487,8000,Travel,Processed,2024-02-20 22:45:00.000000000,,2024-02-19 22:45:00,Automatically generated expense line for creation of travel equipment,Business Travel Suitcase
,EXP00000488,8000,Travel,Processed,2023-06-02 10:03:00.000000000,,2023-06-01 10:03:00,Travel equipment asset,Dell Latitude 7400
,EXP00000489,8000,Travel,Processed,2023-02-18 15:16:02.115836912,,2023-02-16 09:43:00,Travel equipment asset registration,Luggage Tracker Device
,EXP00000490,8000,Travel,Processed,2023-02-13 19:33:04.387205999,,2023-02-09 03:07:00,Travel related asset ingestion,Travel Accommodation Booking System
,EXP00000491,8000,Travel,Pending,,,2023-04-05 02:26:00,Automatically generated expense line for creation of travel asset,Luxury Bus 40-seater
,EXP00000492,8000,Travel,Processed,2023-11-24 03:53:45.197875004,,2023-11-21 13:41:00,Travel equipment asset - Portable Global Navigation Satellite System,Travel Garmin GPS
,EXP00000493,8000,Travel,Processed,2023-03-29 06:43:05.133215451,,2023-03-25 17:09:00,Travel-related hardware asset,Portable Travel Router
,EXP00000494,8000,Travel,Declined,,,2023-07-30 09:42:00,Airline ticket booking system,Travel Management Asset
,EXP00000495,8000,Travel,Pending,,,2023-11-27 15:13:00,Travel equipment asset creation,Travel suitcase Pro 18
,EXP00000496,8000,Travel,Processed,2023-02-18 19:49:40.390957653,,2023-02-07 20:20:00,Automatically generated expense line for creation of Travel asset,Travel Equipment Luggage Trolley
,EXP00000497,8000,Travel,Processed,2023-06-26 10:51:54.315298415,,2023-06-08 21:30:00,Automatically generated expense line for purchase of travel equipment,Standard Luggage Suitcase
,EXP00000498,8000,Travel,Processed,2023-10-21 02:09:06.444458676,,2023-10-12 16:47:00,Automatically generated expense line for creation of travel asset,Standard Carry-On Luggage
,EXP00000499,8000,Travel,Declined,,,2024-01-21 23:22:00,Travel equipment asset creation,TomTom GPS Navigator
